TTT,22.29,(?793620),TCT,?8.42,(?299768),TAT,16.03,(?570529),TGT,?5.11,(?181897)
TTC,16.59,(?590748),TCC,?8.64,(?307699),TAC,12.23,(?435344),TGC,?6.44,(?229159)
TTA,13.74,(?489182),TCA,?7.02,(?249864),TAA,?2.06,(??73345),TGA,?0.92,(??32883)
TTG,13.74,(?489054),TCG,?8.89,(?316586),TAG,?0.21,(???7617),TGG,15.21,(?541370)
,,,,,,,,,,,
CTT,11.01,(?391922),CCT,?6.99,(?248994),CAT,12.83,(?456842),CGT,21.06,(?749716)
CTC,11.18,(?397880),CCC,?5.42,(?192786),CAC,?9.66,(?343985),CGC,22.09,(?786491)
CTA,?3.89,(?138506),CCA,?8.44,(?300381),CAA,15.38,(?547512),CGA,?3.47,(?123685)
CTG,53.19,-1893522,CCG,23.42,(?833757),CAG,28.88,-1028046,CGG,?5.23,(?186226)
,,,,,,,,,,,
ATT,30.56,-1087997,ACT,?8.85,(?315193),AAT,17.41,(?619679),AGT,?8.59,(?305793)
ATC,25.29,(?900361),ACC,23.46,(?835234),AAC,21.58,(?768152),AGC,16,(?569505)
ATA,?4.13,(?147172),ACA,?6.87,(?244507),AAA,33.69,-1199233,AGA,?1.93,(??68819)
ATG,27.9,(?993316),ACG,14.34,(?510435),AAG,10.28,(?366003),AGG,?1.05,(??37384)
,,,,,,,,,,,
GTT,18.32,(?652075),GCT,15.28,(?544005),GAT,32.08,-1141897,GGT,24.84,(?884437)
GTC,15.36,(?546956),GCC,25.68,(?914120),GAC,19.18,(?682709),GGC,29.76,-1059584
GTA,10.91,(?388432),GCA,20.16,(?717502),GAA,39.71,-1413545,GGA,?7.78,(?277043)
GTG,26.38,(?939215),GCG,33.99,-1210046,GAG,17.91,(?637437),GGG,11.01,(?392120)
